DATE,MinTemp,MaxTemp,AvgTemp,Sunrise,Sunset
2014-01-01,33,46,40,657,1756
2014-01-02,35,50,43,657,1756
2014-01-03,36,45,41,657,1757
2014-01-04,32,41,37,658,1757
2014-01-05,24,38,31,658,1758
2014-01-06,22,39,31,658,1759
2014-01-07,28,45,37,658,1759
2014-01-08,30,41,36,659,1800
2014-01-09,29,42,36,659,1801
2014-01-10,30,47,39,659,1801
2014-01-11,32,47,40,659,1802
2014-01-12,30,47,39,659,1803
2014-01-13,29,42,36,659,1803
2014-01-14,31,47,39,659,1804
2014-01-15,35,51,43,659,1804
2014-01-16,35,55,45,700,1805
2014-01-17,42,57,50,700,1806
2014-01-18,38,54,46,700,1806
2014-01-19,37,51,44,700,1807
2014-01-20,36,53,45,659,1808
2014-01-21,40,55,48,659,1808
2014-01-22,31,44,38,659,1809
2014-01-23,31,46,39,659,1810
2014-01-24,39,54,47,659,1810
2014-01-25,41,62,52,659,1811
2014-01-26,42,58,50,659,1811
2014-01-27,38,51,45,659,1812
2014-01-28,29,39,34,658,1813
2014-01-29,30,36,33,658,1813
2014-01-30,28,39,34,658,1814
2014-01-31,33,42,38,658,1814
2014-02-01,35,50,43,657,1815
2014-02-02,37,49,43,657,1816
2014-02-03,36,50,43,657,1816
2014-02-04,36,55,46,656,1817
2014-02-05,38,53,46,656,1817
2014-02-06,39,49,44,655,1818
2014-02-07,39,52,46,655,1818
2014-02-08,37,52,45,655,1819
2014-02-09,34,57,46,654,1819
2014-02-10,36,54,45,654,1820
2014-02-11,34,52,43,653,1820
2014-02-12,35,52,44,653,1821
2014-02-13,35,49,42,652,1821
2014-02-14,36,48,42,652,1822
2014-02-15,38,55,47,651,1822
2014-02-16,36,46,41,651,1823
2014-02-17,36,43,40,650,1823
2014-02-18,37,45,41,649,1823
2014-02-19,35,46,41,649,1824
2014-02-20,33,47,40,648,1824
2014-02-21,34,48,41,647,1825
2014-02-22,34,48,41,647,1825
2014-02-23,33,48,41,646,1825
2014-02-24,33,50,42,646,1826
2014-02-25,33,47,40,645,1826
2014-02-26,36,50,43,644,1827
2014-02-27,36,55,46,643,1827
2014-02-28,36,57,47,643,1827
2014-03-01,41,55,48,642,1828
2014-03-02,31,45,38,641,1828
2014-03-03,31,42,37,640,1828
2014-03-04,34,43,39,640,1829
2014-03-05,33,46,40,639,1829
2014-03-06,35,46,41,638,1829
2014-03-07,34,54,44,637,1830
2014-03-08,34,43,39,637,1830
2014-03-09,36,47,42,636,1830
2014-03-10,32,47,40,635,1831
2014-03-11,31,49,40,634,1831
2014-03-12,29,50,40,633,1831
2014-03-13,33,55,44,632,1832
2014-03-14,36,51,44,632,1832
2014-03-15,32,48,40,631,1832
2014-03-16,31,49,40,630,1832
2014-03-17,36,53,45,629,1833
2014-03-18,35,53,44,628,1833
2014-03-19,35,53,44,627,1833
2014-03-20,33,48,41,626,1833
2014-03-21,30,48,39,626,1834
2014-03-22,30,43,37,625,1834
2014-03-23,32,45,39,624,1834
2014-03-24,31,51,41,623,1834
2014-03-25,34,53,44,622,1835
2014-03-26,35,55,45,621,1835
2014-03-27,31,46,39,620,1835
2014-03-28,29,43,36,620,1835
2014-03-29,32,39,36,619,1836
2014-03-30,32,41,37,618,1836
2014-03-31,31,42,37,617,1836
2014-04-01,34,45,40,616,1836
2014-04-02,33,52,43,615,1837
2014-04-03,36,51,44,614,1837
2014-04-04,31,50,41,614,1837
2014-04-05,31,51,41,613,1838
2014-04-06,35,49,42,612,1838
2014-04-07,35,49,42,611,1838
2014-04-08,35,52,44,610,1838
2014-04-09,36,53,45,610,1839
2014-04-10,35,55,45,609,1839
2014-04-11,37,56,47,608,1839
2014-04-12,36,52,44,607,1839
2014-04-13,32,49,41,606,1840
2014-04-14,31,50,41,606,1840
2014-04-15,36,53,45,605,1840
2014-04-16,40,59,50,604,1841
2014-04-17,42,58,50,603,1841
2014-04-18,43,60,52,602,1841
2014-04-19,43,60,52,602,1841
2014-04-20,41,57,49,601,1842
2014-04-21,40,54,47,600,1842
2014-04-22,38,58,48,600,1842
2014-04-23,41,58,50,559,1843
2014-04-24,41,59,50,558,1843
2014-04-25,43,59,51,558,1843
2014-04-26,45,62,54,557,1844
2014-04-27,42,53,48,556,1844
2014-04-28,40,53,47,556,1844
2014-04-29,39,53,46,555,1845
2014-04-30,37,50,44,554,1845
2014-05-01,36,53,45,554,1845
2014-05-02,38,51,45,553,1846
2014-05-03,36,55,46,553,1846
2014-05-04,36,55,46,552,1846
2014-05-05,40,54,47,552,1847
2014-05-06,40,58,49,551,1847
2014-05-07,42,60,51,550,1847
2014-05-08,42,61,52,550,1848
2014-05-09,44,59,52,550,1848
2014-05-10,42,56,49,549,1849
2014-05-11,40,56,48,549,1849
2014-05-12,38,55,47,548,1849
2014-05-13,38,56,47,548,1850
2014-05-14,40,55,48,547,1850
2014-05-15,41,58,50,547,1851
2014-05-16,44,60,52,547,1851
2014-05-17,,,,546,1851
2014-05-18,43,60,52,546,1852
2014-05-19,44,60,52,546,1852
2014-05-20,44,62,53,545,1853
2014-05-21,47,62,55,545,1853
2014-05-22,44,59,52,545,1853
2014-05-23,41,58,50,545,1854
2014-05-24,39,57,48,544,1854
2014-05-25,38,52,45,544,1855
2014-05-26,36,47,42,544,1855
2014-05-27,35,49,42,544,1855
2014-05-28,35,51,43,544,1856
2014-05-29,34,53,44,543,1856
2014-05-30,36,55,46,543,1856
2014-05-31,35,51,43,543,1857
2014-06-01,34,53,44,543,1857
2014-06-02,36,48,42,543,1858
2014-06-03,38,53,46,543,1858
2014-06-04,37,53,45,543,1858
2014-06-05,40,55,48,543,1859
2014-06-06,35,52,44,543,1859
2014-06-07,36,53,45,543,1859
2014-06-08,42,54,48,543,1900
2014-06-09,44,57,51,543,1900
2014-06-10,43,60,52,543,1900
2014-06-11,42,55,49,543,1901
2014-06-12,37,53,45,543,1901
2014-06-13,35,57,46,543,1901
2014-06-14,37,62,50,544,1902
2014-06-15,42,60,51,544,1902
2014-06-16,41,58,50,544,1902
2014-06-17,37,52,45,544,1902
2014-06-18,36,51,44,544,1903
2014-06-19,40,57,49,544,1903
2014-06-20,39,52,46,545,1903
2014-06-21,35,48,42,545,1903
2014-06-22,37,53,45,545,1904
2014-06-23,41,60,51,545,1904
2014-06-24,42,60,51,545,1904
2014-06-25,45,62,54,546,1904
2014-06-26,48,64,56,546,1904
2014-06-27,47,60,54,546,1904
2014-06-28,47,59,53,546,1905
2014-06-29,45,61,53,547,1905
2014-06-30,43,61,52,547,1905
2014-07-01,45,62,54,547,1905
2014-07-02,47,61,54,548,1905
2014-07-03,48,66,57,548,1905
2014-07-04,47,65,56,548,1905
2014-07-05,43,61,52,549,1905
2014-07-06,40,58,49,549,1905
2014-07-07,40,56,48,549,1905
2014-07-08,44,55,50,550,1905
2014-07-09,43,59,51,550,1905
2014-07-10,43,62,53,550,1905
2014-07-11,43,62,53,551,1905
2014-07-12,42,61,52,551,1905
2014-07-13,40,56,48,551,1904
2014-07-14,41,51,46,552,1904
2014-07-15,38,55,47,552,1904
2014-07-16,39,52,46,553,1904
2014-07-17,39,59,49,553,1904
2014-07-18,37,59,48,553,1904
2014-07-19,41,56,49,554,1903
2014-07-20,41,51,46,554,1903
2014-07-21,42,58,50,554,1903
2014-07-22,43,52,48,555,1902
2014-07-23,44,61,53,555,1902
2014-07-24,45,62,54,556,1902
2014-07-25,44,64,54,556,1901
2014-07-26,42,57,50,556,1901
2014-07-27,38,54,46,557,1901
2014-07-28,35,58,47,557,1900
2014-07-29,34,53,44,557,1900
2014-07-30,38,56,47,558,1859
2014-07-31,39,55,47,558,1859
2014-08-01,44,62,53,558,1859
2014-08-02,42,60,51,559,1858
2014-08-03,43,60,52,559,1858
2014-08-04,44,64,54,559,1857
2014-08-05,43,61,52,600,1857
2014-08-06,40,60,50,600,1856
2014-08-07,41,50,46,600,1855
2014-08-08,41,52,47,601,1855
2014-08-09,39,57,48,601,1854
2014-08-10,38,53,46,601,1854
2014-08-11,39,56,48,602,1853
2014-08-12,40,58,49,602,1852
2014-08-13,41,62,52,602,1852
2014-08-14,44,63,54,603,1851
2014-08-15,45,63,54,603,1850
2014-08-16,42,62,52,603,1850
2014-08-17,39,58,49,603,1849
2014-08-18,38,57,48,604,1848
2014-08-19,36,55,46,604,1848
2014-08-20,38,54,46,604,1847
2014-08-21,40,56,48,604,1846
2014-08-22,39,57,48,605,1845
2014-08-23,43,60,52,605,1845
2014-08-24,42,59,51,605,1844
2014-08-25,41,60,51,605,1843
2014-08-26,41,56,49,606,1842
2014-08-27,40,55,48,606,1841
2014-08-28,39,56,48,606,1841
2014-08-29,38,55,47,606,1840
2014-08-30,44,59,52,607,1839
2014-08-31,42,60,51,607,1838
2014-09-01,38,55,47,607,1837
2014-09-02,42,59,51,607,1836
2014-09-03,42,60,51,607,1836
2014-09-04,44,58,51,608,1835
2014-09-05,44,61,53,608,1834
2014-09-06,41,58,50,608,1833
2014-09-07,39,54,47,608,1832
2014-09-08,39,53,46,608,1831
2014-09-09,39,54,47,609,1830
2014-09-10,40,55,48,609,1829
2014-09-11,42,56,49,609,1828
2014-09-12,39,60,50,609,1828
2014-09-13,41,60,51,609,1827
2014-09-14,42,59,51,610,1826
2014-09-15,43,57,50,610,1825
2014-09-16,40,52,46,610,1824
2014-09-17,39,53,46,610,1823
2014-09-18,37,55,46,610,1822
2014-09-19,40,54,47,611,1821
2014-09-20,41,51,46,611,1820
2014-09-21,38,52,45,611,1819
2014-09-22,40,56,48,611,1819
2014-09-23,41,59,50,611,1818
2014-09-24,41,58,50,612,1817
2014-09-25,40,56,48,612,1816
2014-09-26,41,61,51,612,1815
2014-09-27,42,52,47,612,1814
2014-09-28,42,56,49,612,1813
2014-09-29,40,54,47,613,1812
2014-09-30,35,52,44,613,1811
2014-10-01,37,53,45,613,1811
2014-10-02,38,52,45,613,1810
2014-10-03,36,52,44,614,1809
2014-10-04,38,52,45,614,1808
2014-10-05,40,52,46,614,1807
2014-10-06,38,54,46,614,1806
2014-10-07,42,53,48,615,1805
2014-10-08,42,56,49,615,1805
2014-10-09,42,60,51,615,1804
2014-10-10,39,58,49,615,1803
2014-10-11,39,54,47,616,1802
2014-10-12,36,53,45,616,1801
2014-10-13,33,53,43,616,1801
2014-10-14,37,54,46,616,1800
2014-10-15,39,58,49,617,1759
2014-10-16,43,61,52,617,1758
2014-10-17,44,51,48,617,1758
2014-10-18,43,48,46,618,1757
2014-10-19,42,54,48,618,1756
2014-10-20,41,60,51,618,1755
2014-10-21,38,59,49,619,1755
2014-10-22,41,55,48,619,1754
2014-10-23,36,56,46,620,1753
2014-10-24,40,58,49,620,1753
2014-10-25,39,58,49,620,1752
2014-10-26,37,59,48,621,1752
2014-10-27,39,55,47,621,1751
2014-10-28,40,58,49,622,1750
2014-10-29,41,57,49,622,1750
2014-10-30,39,56,48,622,1749
2014-10-31,37,56,47,623,1749
2014-11-01,37,51,44,623,1748
2014-11-02,41,54,48,624,1748
2014-11-03,40,54,47,624,1747
2014-11-04,37,48,43,625,1747
2014-11-05,39,56,48,625,1746
2014-11-06,43,56,50,626,1746
2014-11-07,38,57,48,626,1746
2014-11-08,36,55,46,627,1745
2014-11-09,37,59,48,627,1745
2014-11-10,42,60,51,628,1745
2014-11-11,42,57,50,628,1744
2014-11-12,41,56,49,629,1744
2014-11-13,39,56,48,629,1744
2014-11-14,38,54,46,630,1743
2014-11-15,37,51,44,630,1743
2014-11-16,38,55,47,631,1743
2014-11-17,42,57,50,632,1743
2014-11-18,38,56,47,632,1743
2014-11-19,37,56,47,633,1743
2014-11-20,39,51,45,633,1742
2014-11-21,39,55,47,634,1742
2014-11-22,38,54,46,635,1742
2014-11-23,33,53,43,635,1742
2014-11-24,41,59,50,636,1742
2014-11-25,42,59,51,636,1742
2014-11-26,41,55,48,637,1742
2014-11-27,39,57,48,638,1742
2014-11-28,38,56,47,638,1742
2014-11-29,35,54,45,639,1742
2014-11-30,35,50,43,640,1742
2014-12-01,35,52,44,640,1743
2014-12-02,35,51,43,641,1743
2014-12-03,38,51,45,641,1743
2014-12-04,42,52,47,642,1743
2014-12-05,39,50,45,643,1743
2014-12-06,36,51,44,643,1743
2014-12-07,36,56,46,644,1744
2014-12-08,38,58,48,645,1744
2014-12-09,39,56,48,645,1744
2014-12-10,39,60,50,646,1745
2014-12-11,42,60,51,646,1745
2014-12-12,37,55,46,647,1745
2014-12-13,37,56,47,648,1746
2014-12-14,38,56,47,648,1746
2014-12-15,40,57,49,649,1746
2014-12-16,40,57,49,649,1747
2014-12-17,38,57,48,650,1747
2014-12-18,40,56,48,650,1748
2014-12-19,42,59,51,651,1748
2014-12-20,39,56,48,651,1749
2014-12-21,36,52,44,652,1749
2014-12-22,31,47,39,652,1750
2014-12-23,31,41,36,653,1750
2014-12-24,36,45,41,653,1751
2014-12-25,40,54,47,654,1751
2014-12-26,41,53,47,654,1752
2014-12-27,37,51,44,655,1752
2014-12-28,39,56,48,655,1753
2014-12-29,36,54,45,655,1753
2014-12-30,36,53,45,656,1754
2014-12-31,34,53,44,656,1755
2015-01-01,38,51,45,657,1756
2015-01-02,34,40,37,657,1756
2015-01-03,29,36,33,657,1757
2015-01-04,31,44,38,658,1757
2015-01-05,37,51,44,658,1758
2015-01-06,38,52,45,658,1759
2015-01-07,38,54,46,658,1759
2015-01-08,38,57,48,659,1800
2015-01-09,36,55,46,659,1801
2015-01-10,34,51,43,659,1801
2015-01-11,38,54,46,659,1802
2015-01-12,40,57,49,659,1803
2015-01-13,41,56,49,659,1803
2015-01-14,35,58,47,659,1804
2015-01-15,38,58,48,659,1804
2015-01-16,40,56,48,700,1805
2015-01-17,38,58,48,700,1806
2015-01-18,37,57,47,700,1806
2015-01-19,37,59,48,700,1807
2015-01-20,36,56,46,659,1808
2015-01-21,40,58,49,659,1808
2015-01-22,39,54,47,659,1809
2015-01-23,43,65,54,659,1810
2015-01-24,41,61,51,659,1810
2015-01-25,40,55,48,659,1811
2015-01-26,42,59,51,659,1811
2015-01-27,36,58,47,659,1812
2015-01-28,36,54,45,658,1813
2015-01-29,35,54,45,658,1813
2015-01-30,36,54,45,658,1814
2015-01-31,33,53,43,658,1814
2015-02-01,36,53,45,657,1815
2015-02-02,38,54,46,657,1816
2015-02-03,41,54,48,657,1816
2015-02-04,39,50,45,656,1817
2015-02-05,38,50,44,656,1817
2015-02-06,33,47,40,655,1818
2015-02-07,32,54,43,655,1818
2015-02-08,43,59,51,655,1819
2015-02-09,42,55,49,654,1819
2015-02-10,35,50,43,654,1820
2015-02-11,34,54,44,653,1820
2015-02-12,37,53,45,653,1821
2015-02-13,40,54,47,652,1821
2015-02-14,38,57,48,652,1822
2015-02-15,37,51,44,651,1822
2015-02-16,37,53,45,651,1823
2015-02-17,36,54,45,650,1823
2015-02-18,36,54,45,649,1823
2015-02-19,38,56,47,649,1824
2015-02-20,39,54,47,648,1824
2015-02-21,36,51,44,647,1825
2015-02-22,35,52,44,647,1825
2015-02-23,40,53,47,646,1825
2015-02-24,40,56,48,646,1826
2015-02-25,39,57,48,645,1826
2015-02-26,36,48,42,644,1827
2015-02-27,35,49,42,643,1827
2015-02-28,35,44,40,643,1827
2015-03-01,33,44,39,642,1828
2015-03-02,32,43,38,641,1828
2015-03-03,33,46,40,640,1828
2015-03-04,33,39,36,640,1829
2015-03-05,33,48,41,639,1829
2015-03-06,35,49,42,638,1829
2015-03-07,38,53,46,637,1830
2015-03-08,32,46,39,637,1830
2015-03-09,33,37,35,636,1830
2015-03-10,34,42,38,635,1831
2015-03-11,31,37,34,634,1831
2015-03-12,32,39,36,633,1831
2015-03-13,31,41,36,632,1832
2015-03-14,31,47,39,632,1832
2015-03-15,33,51,42,631,1832
2015-03-16,36,54,45,630,1832
2015-03-17,36,57,47,629,1833
2015-03-18,36,57,47,628,1833
2015-03-19,39,60,50,627,1833
2015-03-20,38,61,50,626,1833
2015-03-21,41,60,51,626,1834
2015-03-22,37,56,47,625,1834
2015-03-23,38,58,48,624,1834
2015-03-24,36,56,46,623,1834
2015-03-25,38,54,46,622,1835
2015-03-26,34,59,47,621,1835
2015-03-27,39,58,49,620,1835
2015-03-28,42,58,50,620,1835
2015-03-29,39,57,48,619,1836
2015-03-30,36,54,45,618,1836
2015-03-31,31,50,41,617,1836
2015-04-01,32,49,41,616,1836
2015-04-02,31,49,40,615,1837
2015-04-03,35,50,43,614,1837
2015-04-04,39,51,45,614,1837
2015-04-05,35,53,44,613,1838
2015-04-06,35,52,44,612,1838
2015-04-07,33,47,40,611,1838
2015-04-08,33,52,43,610,1838
2015-04-09,34,51,43,610,1839
2015-04-10,35,49,42,609,1839
2015-04-11,35,48,42,608,1839
2015-04-12,33,48,41,607,1839
2015-04-13,36,53,45,606,1840
2015-04-14,39,52,46,606,1840
2015-04-15,37,48,43,605,1840
2015-04-16,34,47,41,604,1841
2015-04-17,34,50,42,603,1841
2015-04-18,37,53,45,602,1841
2015-04-19,40,58,49,602,1841
2015-04-20,39,60,50,601,1842
2015-04-21,43,63,53,600,1842
2015-04-22,40,60,50,600,1842
2015-04-23,39,57,48,559,1843
2015-04-24,43,58,51,558,1843
2015-04-25,43,57,50,558,1843
2015-04-26,41,55,48,557,1844
2015-04-27,37,54,46,556,1844
2015-04-28,33,55,44,556,1844
2015-04-29,37,59,48,555,1845
2015-04-30,36,57,47,554,1845
2015-05-01,37,53,45,554,1845
2015-05-02,35,50,43,553,1846
2015-05-03,33,53,43,553,1846
2015-05-04,40,55,48,552,1846
2015-05-05,42,59,51,552,1847
2015-05-06,42,63,53,551,1847
2015-05-07,41,59,50,550,1847
2015-05-08,38,59,49,550,1848
2015-05-09,38,54,46,550,1848
2015-05-10,36,51,44,549,1849
2015-05-11,37,55,46,549,1849
2015-05-12,37,51,44,548,1849
2015-05-13,33,45,39,548,1850
2015-05-14,31,49,40,547,1850
2015-05-15,32,52,42,547,1851
2015-05-16,33,56,45,547,1851
2015-05-17,38,60,49,546,1851
2015-05-18,38,58,48,546,1852
2015-05-19,39,55,47,546,1852
2015-05-20,39,54,47,545,1853
2015-05-21,37,55,46,545,1853
2015-05-22,39,59,49,545,1853
2015-05-23,41,55,48,545,1854
2015-05-24,39,59,49,544,1854
2015-05-25,42,62,52,544,1855
2015-05-26,43,64,54,544,1855
2015-05-27,44,57,51,544,1855
2015-05-28,43,60,52,544,1856
2015-05-29,44,62,53,543,1856
2015-05-30,41,54,48,543,1856
2015-05-31,39,52,46,543,1857
2015-06-01,38,54,46,543,1857
2015-06-02,41,56,49,543,1858
2015-06-03,41,55,48,543,1858
2015-06-04,39,55,47,543,1858
2015-06-05,37,53,45,543,1859
2015-06-06,36,55,46,543,1859
2015-06-07,40,54,47,543,1859
2015-06-08,38,56,47,543,1900
2015-06-09,38,53,46,543,1900
2015-06-10,37,49,43,543,1900
2015-06-11,34,46,40,543,1901
2015-06-12,32,50,41,543,1901
2015-06-13,39,52,46,543,1901
2015-06-14,42,57,50,544,1902
2015-06-15,41,63,52,544,1902
2015-06-16,48,61,55,544,1902
2015-06-17,46,65,56,544,1902
2015-06-18,45,67,56,544,1903
2015-06-19,43,61,52,544,1903
2015-06-20,43,60,52,545,1903
2015-06-21,45,60,53,545,1903
2015-06-22,45,59,52,545,1904
2015-06-23,46,65,56,545,1904
2015-06-24,42,60,51,545,1904
2015-06-25,42,59,51,546,1904
2015-06-26,42,57,50,546,1904
2015-06-27,38,56,47,546,1904
2015-06-28,42,55,49,546,1905
2015-06-29,40,56,48,547,1905
2015-06-30,40,56,48,547,1905
2015-07-01,37,54,46,547,1905
2015-07-02,38,54,46,548,1905
2015-07-03,38,56,47,548,1905
2015-07-04,39,56,48,548,1905
2015-07-05,41,59,50,549,1905
2015-07-06,43,60,52,549,1905
2015-07-07,39,55,47,549,1905
2015-07-08,40,53,47,550,1905
2015-07-09,38,55,47,550,1905
2015-07-10,40,55,48,550,1905
2015-07-11,46,60,53,551,1905
2015-07-12,46,58,52,551,1905
2015-07-13,45,57,51,551,1904
2015-07-14,45,60,53,552,1904
2015-07-15,44,66,55,552,1904
2015-07-16,43,59,51,553,1904
2015-07-17,41,54,48,553,1904
2015-07-18,39,56,48,553,1904
2015-07-19,43,56,50,554,1903
2015-07-20,40,51,46,554,1903
2015-07-21,37,49,43,554,1903
2015-07-22,37,52,45,555,1902
2015-07-23,39,59,49,555,1902
2015-07-24,43,59,51,556,1902
2015-07-25,45,56,51,556,1901
2015-07-26,42,58,50,556,1901
2015-07-27,44,55,50,557,1901
2015-07-28,40,55,48,557,1900
2015-07-29,46,62,54,557,1900
2015-07-30,48,64,56,558,1859
2015-07-31,45,63,54,558,1859
2015-08-01,46,66,56,558,1859
2015-08-02,45,52,49,559,1858
2015-08-03,44,51,48,559,1858
2015-08-04,40,54,47,559,1857
2015-08-05,43,56,50,600,1857
2015-08-06,41,54,48,600,1856
2015-08-07,41,59,50,600,1855
2015-08-08,43,64,54,601,1855
2015-08-09,43,63,53,601,1854
2015-08-10,40,59,50,601,1854
2015-08-11,39,55,47,602,1853
2015-08-12,40,55,48,602,1852
2015-08-13,40,56,48,602,1852
2015-08-14,44,56,50,603,1851
2015-08-15,41,53,47,603,1850
2015-08-16,41,52,47,603,1850
2015-08-17,42,53,48,603,1849
2015-08-18,40,52,46,604,1848
2015-08-19,39,52,46,604,1848
2015-08-20,38,51,45,604,1847
2015-08-21,42,65,54,604,1846
2015-08-22,46,59,53,605,1845
2015-08-23,45,57,51,605,1845
2015-08-24,43,48,46,605,1844
2015-08-25,42,52,47,605,1843
2015-08-26,42,55,49,606,1842
2015-08-27,41,57,49,606,1841
2015-08-28,43,59,51,606,1841
2015-08-29,42,59,51,606,1840
2015-08-30,42,56,49,607,1839
2015-08-31,41,55,48,607,1838
2015-09-01,42,60,51,607,1837
2015-09-02,43,52,48,607,1836
2015-09-03,42,52,47,607,1836
2015-09-04,40,53,47,608,1835
2015-09-05,39,54,47,608,1834
2015-09-06,41,54,48,608,1833
2015-09-07,42,53,48,608,1832
2015-09-08,41,59,50,608,1831
2015-09-09,46,60,53,609,1830
2015-09-10,42,56,49,609,1829
2015-09-11,42,59,51,609,1828
2015-09-12,41,56,49,609,1828
2015-09-13,43,62,53,609,1827
2015-09-14,42,62,52,610,1826
2015-09-15,40,57,49,610,1825
2015-09-16,39,54,47,610,1824
2015-09-17,38,53,46,610,1823
2015-09-18,38,54,46,610,1822
2015-09-19,39,55,47,611,1821
2015-09-20,41,58,50,611,1820
2015-09-21,43,54,49,611,1819
2015-09-22,39,54,47,611,1819
2015-09-23,37,54,46,611,1818
2015-09-24,38,55,47,612,1817
2015-09-25,39,54,47,612,1816
2015-09-26,42,53,48,612,1815
2015-09-27,39,54,47,612,1814
2015-09-28,39,53,46,612,1813
2015-09-29,38,52,45,613,1812
2015-09-30,39,60,50,613,1811
2015-10-01,39,57,48,613,1811
2015-10-02,39,57,48,613,1810
2015-10-03,43,63,53,614,1809
2015-10-04,45,57,51,614,1808
2015-10-05,42,58,50,614,1807
2015-10-06,39,54,47,614,1806
2015-10-07,41,62,52,615,1805
2015-10-08,41,60,51,615,1805
2015-10-09,40,58,49,615,1804
2015-10-10,41,56,49,615,1803
2015-10-11,43,60,52,616,1802
2015-10-12,40,58,49,616,1801
2015-10-13,39,56,48,616,1801
2015-10-14,38,58,48,616,1800
2015-10-15,39,54,47,617,1759
2015-10-16,42,60,51,617,1758
2015-10-17,42,54,48,617,1758
2015-10-18,40,58,49,618,1757
2015-10-19,41,58,50,618,1756
2015-10-20,40,57,49,618,1755
2015-10-21,41,54,48,619,1755
2015-10-22,40,55,48,619,1754
2015-10-23,38,56,47,620,1753
2015-10-24,42,57,50,620,1753
2015-10-25,45,60,53,620,1752
2015-10-26,44,63,54,621,1752
2015-10-27,42,63,53,621,1751
2015-10-28,44,57,51,622,1750
2015-10-29,38,53,46,622,1750
2015-10-30,42,54,48,622,1749
2015-10-31,42,61,52,623,1749
2015-11-01,41,57,49,623,1748
2015-11-02,40,59,50,624,1748
2015-11-03,43,57,50,624,1747
2015-11-04,42,58,50,625,1747
2015-11-05,40,60,50,625,1746
2015-11-06,41,59,50,626,1746
2015-11-07,42,60,51,626,1746
2015-11-08,39,58,49,627,1745
2015-11-09,37,52,45,627,1745
2015-11-10,35,51,43,628,1745
2015-11-11,37,53,45,628,1744
2015-11-12,38,49,44,629,1744
2015-11-13,37,49,43,629,1744
2015-11-14,36,52,44,630,1743
2015-11-15,36,51,44,630,1743
2015-11-16,35,52,44,631,1743
2015-11-17,37,56,47,632,1743
2015-11-18,36,53,45,632,1743
2015-11-19,43,56,50,633,1743
2015-11-20,43,51,47,633,1742
2015-11-21,41,53,47,634,1742
2015-11-22,42,58,50,635,1742
2015-11-23,42,55,49,635,1742
2015-11-24,42,53,48,636,1742
2015-11-25,38,55,47,636,1742
2015-11-26,40,56,48,637,1742
2015-11-27,41,58,50,638,1742
2015-11-28,39,54,47,638,1742
2015-11-29,40,58,49,639,1742
2015-11-30,44,60,52,640,1742
2015-12-01,43,60,52,640,1743
2015-12-02,40,61,51,641,1743
2015-12-03,42,57,50,641,1743
2015-12-04,42,56,49,642,1743
2015-12-05,39,58,49,643,1743
2015-12-06,39,63,51,643,1743
2015-12-07,45,63,54,644,1744
2015-12-08,44,60,52,645,1744
2015-12-09,41,56,49,645,1744
2015-12-10,39,54,47,646,1745
2015-12-11,42,53,48,646,1745
2015-12-12,39,55,47,647,1745
2015-12-13,36,52,44,648,1746
2015-12-14,36,54,45,648,1746
2015-12-15,33,49,41,649,1746
2015-12-16,35,53,44,649,1747
2015-12-17,37,54,46,650,1747
2015-12-18,38,53,46,650,1748
2015-12-19,34,46,40,651,1748
2015-12-20,35,49,42,651,1749
2015-12-21,35,47,41,652,1749
2015-12-22,34,51,43,652,1750
2015-12-23,33,46,40,653,1750
2015-12-24,32,49,41,653,1751
2015-12-25,35,48,42,654,1751
2015-12-26,35,49,42,654,1752
2015-12-27,35,50,43,655,1752
2015-12-28,35,45,40,655,1753
2015-12-29,31,49,40,655,1753
2015-12-30,36,52,44,656,1754
2015-12-31,40,56,48,656,1755
2016-01-01,38,57,48,657,1756
2016-01-02,35,54,45,657,1756
2016-01-03,39,54,47,657,1757
2016-01-04,37,53,45,658,1757
2016-01-05,34,51,43,658,1758
2016-01-06,36,56,46,658,1759
2016-01-07,37,58,48,658,1759
2016-01-08,37,54,46,659,1800
2016-01-09,40,54,47,659,1801
2016-01-10,39,53,46,659,1801
2016-01-11,37,57,47,659,1802
2016-01-12,39,54,47,659,1803
2016-01-13,37,59,48,659,1803
2016-01-14,40,60,50,659,1804
2016-01-15,40,56,48,659,1804
2016-01-16,38,54,46,700,1805
2016-01-17,37,56,47,700,1806
2016-01-18,41,55,48,700,1806
2016-01-19,40,60,50,700,1807
2016-01-20,42,58,50,659,1808
2016-01-21,42,57,50,659,1808
2016-01-22,41,59,50,659,1809
2016-01-23,39,59,49,659,1810
2016-01-24,38,55,47,659,1810
2016-01-25,35,54,45,659,1811
2016-01-26,39,58,49,659,1811
2016-01-27,37,59,48,659,1812
2016-01-28,44,62,53,658,1813
2016-01-29,49,64,57,658,1813
2016-01-30,45,62,54,658,1814
2016-01-31,41,59,50,658,1814
2016-02-01,36,54,45,657,1815
2016-02-02,38,52,45,657,1816
2016-02-03,38,55,47,657,1816
2016-02-04,40,58,49,656,1817
2016-02-05,37,58,48,656,1817
2016-02-06,36,57,47,655,1818
2016-02-07,33,47,40,655,1818
2016-02-08,31,53,42,655,1819
2016-02-09,37,53,45,654,1819
2016-02-10,35,55,45,654,1820
2016-02-11,38,54,46,653,1820
2016-02-12,41,59,50,653,1821
2016-02-13,43,60,52,652,1821
2016-02-14,42,60,51,652,1822
2016-02-15,38,58,48,651,1822
2016-02-16,37,59,48,651,1823
2016-02-17,44,57,51,650,1823
2016-02-18,38,57,48,649,1823
2016-02-19,36,57,47,649,1824
2016-02-20,37,59,48,648,1824
2016-02-21,39,61,50,647,1825
2016-02-22,43,60,52,647,1825
2016-02-23,45,63,54,646,1825
2016-02-24,45,62,54,646,1826
2016-02-25,39,53,46,645,1826
2016-02-26,36,53,45,644,1827
2016-02-27,36,59,48,643,1827
2016-02-28,36,55,46,643,1827
2016-02-29,37,60,49,642,1828
2016-03-01,40,60,50,641,1828
2016-03-02,39,61,50,640,1828
2016-03-03,44,57,51,640,1829
2016-03-04,42,58,50,639,1829
2016-03-05,39,56,48,638,1829
2016-03-06,37,60,49,637,1830
2016-03-07,40,58,49,637,1830
2016-03-08,43,66,55,636,1830
2016-03-09,40,60,50,635,1831
2016-03-10,37,57,47,634,1831
2016-03-11,36,52,44,633,1831
2016-03-12,36,54,45,632,1832
2016-03-13,38,53,46,632,1832
2016-03-14,40,54,47,631,1832
2016-03-15,36,52,44,630,1832
2016-03-16,38,51,45,629,1833
2016-03-17,34,55,45,628,1833
2016-03-18,35,53,44,627,1833
2016-03-19,36,55,46,626,1833
2016-03-20,38,54,46,626,1834
2016-03-21,36,55,46,625,1834
2016-03-22,35,52,44,624,1834
2016-03-23,34,46,40,623,1834
2016-03-24,33,47,40,622,1835
2016-03-25,31,51,41,621,1835
2016-03-26,34,50,42,620,1835
2016-03-27,38,56,47,620,1835
2016-03-28,42,60,51,619,1836
2016-03-29,43,61,52,618,1836
2016-03-30,42,60,51,617,1836
2016-03-31,44,59,52,616,1836
2016-04-01,42,57,50,615,1837
2016-04-02,41,59,50,614,1837
2016-04-03,42,62,52,614,1837
2016-04-04,47,60,54,613,1838
2016-04-05,44,61,53,612,1838
2016-04-06,40,59,50,611,1838
2016-04-07,36,60,48,610,1838
2016-04-08,38,54,46,610,1839
2016-04-09,40,56,48,609,1839
2016-04-10,40,54,47,608,1839
2016-04-11,41,60,51,607,1839
2016-04-12,41,59,50,606,1840
2016-04-13,39,59,49,606,1840
2016-04-14,41,57,49,605,1840
2016-04-15,36,53,45,604,1841
2016-04-16,36,51,44,603,1841
2016-04-17,36,53,45,602,1841
2016-04-18,37,58,48,602,1841
2016-04-19,38,54,46,601,1842
2016-04-20,,,,600,1842
2016-04-21,44,55,50,600,1842
2016-04-22,44,56,50,559,1843
2016-04-23,43,57,50,558,1843
2016-04-24,42,59,51,558,1843
2016-04-25,40,55,48,557,1844
2016-04-26,42,57,50,556,1844
2016-04-27,40,61,51,556,1844
2016-04-28,43,57,50,555,1845
2016-04-29,44,61,53,554,1845
2016-04-30,39,57,48,554,1845
2016-05-01,38,60,49,553,1846
2016-05-02,45,63,54,553,1846
2016-05-03,43,60,52,552,1846
2016-05-04,44,65,55,552,1847
2016-05-05,44,58,51,551,1847
2016-05-06,41,56,49,550,1847
2016-05-07,38,55,47,550,1848
2016-05-08,40,53,47,550,1848
2016-05-09,36,52,44,549,1849
2016-05-10,34,52,43,549,1849
2016-05-11,36,54,45,548,1849
2016-05-12,37,53,45,548,1850
2016-05-13,38,50,44,547,1850
2016-05-14,39,61,50,547,1851
2016-05-15,44,59,52,547,1851
2016-05-16,43,60,52,546,1851
2016-05-17,43,60,52,546,1852
2016-05-18,43,58,51,546,1852
2016-05-19,40,61,51,545,1853
2016-05-20,41,57,49,545,1853
2016-05-21,40,58,49,545,1853
2016-05-22,38,56,47,545,1854
2016-05-23,36,51,44,544,1854
2016-05-24,33,51,42,544,1855
2016-05-25,36,49,43,544,1855
2016-05-26,36,52,44,544,1855
2016-05-27,35,52,44,544,1856
2016-05-28,39,51,45,543,1856
2016-05-29,39,53,46,543,1856
2016-05-30,38,55,47,543,1857
2016-05-31,44,54,49,543,1857
2016-06-01,41,54,48,543,1858
2016-06-02,40,58,49,543,1858
2016-06-03,41,56,49,543,1858
2016-06-04,44,60,52,543,1859
2016-06-05,45,58,52,543,1859
2016-06-06,44,57,51,543,1859
2016-06-07,44,59,52,543,1900
2016-06-08,45,58,52,543,1900
2016-06-09,46,60,53,543,1900
2016-06-10,44,61,53,543,1901
2016-06-11,40,54,47,543,1901
2016-06-12,40,58,49,543,1901
2016-06-13,40,58,49,544,1902
2016-06-14,38,57,48,544,1902
2016-06-15,40,55,48,544,1902
2016-06-16,42,61,52,544,1902
2016-06-17,46,60,53,544,1903
2016-06-18,41,60,51,544,1903
2016-06-19,42,60,51,545,1903
2016-06-20,41,57,49,545,1903
2016-06-21,39,56,48,545,1904
2016-06-22,40,56,48,545,1904
2016-06-23,42,56,49,545,1904
2016-06-24,42,58,50,546,1904
2016-06-25,43,56,50,546,1904
2016-06-26,41,55,48,546,1904
2016-06-27,37,53,45,546,1905
2016-06-28,39,53,46,547,1905
2016-06-29,38,54,46,547,1905
2016-06-30,43,58,51,547,1905
2016-07-01,39,57,48,548,1905
2016-07-02,43,63,53,548,1905
2016-07-03,45,67,56,548,1905
2016-07-04,44,58,51,549,1905
2016-07-05,40,54,47,549,1905
2016-07-06,38,56,47,549,1905
2016-07-07,43,61,52,550,1905
2016-07-08,43,60,52,550,1905
2016-07-09,42,56,49,550,1905
2016-07-10,39,51,45,551,1905
2016-07-11,36,50,43,551,1905
2016-07-12,38,52,45,551,1904
2016-07-13,36,54,45,552,1904
2016-07-14,39,56,48,552,1904
2016-07-15,42,57,50,553,1904
2016-07-16,39,57,48,553,1904
2016-07-17,40,54,47,553,1904
2016-07-18,39,49,44,554,1903
2016-07-19,38,52,45,554,1903
2016-07-20,40,55,48,554,1903
2016-07-21,41,62,52,555,1902
2016-07-22,40,57,49,555,1902
2016-07-23,43,52,48,556,1902
2016-07-24,44,51,48,556,1901
2016-07-25,42,58,50,556,1901
2016-07-26,41,59,50,557,1901
2016-07-27,39,57,48,557,1900
2016-07-28,38,59,49,557,1900
2016-07-29,37,58,48,558,1859
2016-07-30,39,57,48,558,1859
2016-07-31,41,55,48,558,1859
2016-08-01,42,56,49,559,1858
2016-08-02,40,58,49,559,1858
2016-08-03,37,57,47,559,1857
2016-08-04,40,58,49,600,1857
2016-08-05,41,62,52,600,1856
2016-08-06,37,59,48,600,1855
2016-08-07,40,58,49,601,1855
2016-08-08,42,60,51,601,1854
2016-08-09,40,60,50,601,1854
2016-08-10,42,62,52,602,1853
2016-08-11,42,60,51,602,1852
2016-08-12,44,61,53,602,1852
2016-08-13,41,54,48,603,1851
2016-08-14,42,53,48,603,1850
2016-08-15,40,56,48,603,1850
2016-08-16,39,56,48,603,1849
2016-08-17,40,60,50,604,1848
2016-08-18,42,59,51,604,1848
2016-08-19,43,57,50,604,1847
2016-08-20,37,59,48,604,1846
2016-08-21,40,54,47,605,1845
2016-08-22,44,49,47,605,1845
2016-08-23,42,53,48,605,1844
2016-08-24,41,53,47,605,1843
2016-08-25,41,54,48,606,1842
2016-08-26,41,58,50,606,1841
2016-08-27,38,54,46,606,1841
2016-08-28,35,53,44,606,1840
2016-08-29,38,50,44,607,1839
2016-08-30,37,58,48,607,1838
2016-08-31,42,49,46,607,1837
2016-09-01,40,54,47,607,1836
2016-09-02,41,59,50,607,1836
2016-09-03,41,52,47,608,1835
2016-09-04,41,52,47,608,1834
2016-09-05,40,55,48,608,1833
2016-09-06,39,59,49,608,1832
2016-09-07,37,55,46,608,1831
2016-09-08,36,52,44,609,1830
2016-09-09,38,55,47,609,1829
2016-09-10,39,56,48,609,1828
2016-09-11,37,56,47,609,1828
2016-09-12,42,57,50,609,1827
2016-09-13,42,57,50,610,1826
2016-09-14,39,52,46,610,1825
2016-09-15,38,46,42,610,1824
2016-09-16,39,54,47,610,1823
2016-09-17,42,55,49,610,1822
2016-09-18,41,57,49,611,1821
2016-09-19,42,60,51,611,1820
2016-09-20,42,59,51,611,1819
2016-09-21,44,59,52,611,1819
2016-09-22,41,55,48,611,1818
2016-09-23,40,55,48,612,1817
2016-09-24,40,54,47,612,1816
2016-09-25,38,55,47,612,1815
2016-09-26,41,58,50,612,1814
2016-09-27,37,50,44,612,1813
2016-09-28,36,53,45,613,1812
2016-09-29,36,59,48,613,1811
2016-09-30,39,58,49,613,1811
2016-10-01,39,56,48,613,1810
2016-10-02,37,55,46,614,1809
2016-10-03,38,49,44,614,1808
2016-10-04,40,51,46,614,1807
2016-10-05,37,53,45,614,1806
2016-10-06,38,50,44,615,1805
2016-10-07,36,52,44,615,1805
2016-10-08,38,52,45,615,1804
2016-10-09,35,55,45,615,1803
2016-10-10,41,56,49,616,1802
2016-10-11,40,56,48,616,1801
2016-10-12,38,63,51,616,1801
2016-10-13,42,62,52,616,1800
2016-10-14,45,63,54,617,1759
2016-10-15,45,64,55,617,1758
2016-10-16,40,58,49,617,1758
2016-10-17,39,58,49,618,1757
2016-10-18,40,56,48,618,1756
2016-10-19,39,57,48,618,1755
2016-10-20,38,51,45,619,1755
2016-10-21,38,55,47,619,1754
2016-10-22,37,56,47,620,1753
2016-10-23,42,62,52,620,1753
2016-10-24,42,61,52,620,1752
2016-10-25,38,56,47,621,1752
2016-10-26,40,59,50,621,1751
2016-10-27,40,58,49,622,1750
2016-10-28,41,55,48,622,1750
2016-10-29,38,54,46,622,1749
2016-10-30,39,55,47,623,1749
2016-10-31,40,56,48,623,1748
2016-11-01,42,55,49,624,1748
2016-11-02,38,58,48,624,1747
2016-11-03,42,59,51,625,1747
2016-11-04,40,58,49,625,1746
2016-11-05,41,58,50,626,1746
2016-11-06,38,59,49,626,1746
2016-11-07,38,56,47,627,1745
2016-11-08,38,53,46,627,1745
2016-11-09,41,54,48,628,1745
2016-11-10,43,54,49,628,1744
2016-11-11,40,54,47,629,1744
2016-11-12,36,54,45,629,1744
2016-11-13,38,57,48,630,1743
2016-11-14,41,57,49,630,1743
2016-11-15,40,56,48,631,1743
2016-11-16,41,54,48,632,1743
2016-11-17,40,56,48,632,1743
2016-11-18,40,57,49,633,1743
2016-11-19,41,58,50,633,1742
2016-11-20,41,54,48,634,1742
2016-11-21,38,53,46,635,1742
2016-11-22,36,52,44,635,1742
2016-11-23,41,57,49,636,1742
2016-11-24,39,55,47,636,1742
2016-11-25,39,56,48,637,1742
2016-11-26,42,57,50,638,1742
2016-11-27,41,56,49,638,1742
2016-11-28,38,54,46,639,1742
2016-11-29,38,52,45,640,1742
2016-11-30,34,46,40,640,1743
2016-12-01,31,37,34,641,1743
2016-12-02,32,38,35,641,1743
2016-12-03,35,44,40,642,1743
2016-12-04,37,44,41,643,1743
2016-12-05,42,52,47,643,1743
2016-12-06,40,52,46,644,1744
2016-12-07,37,49,43,645,1744
2016-12-08,40,51,46,645,1744
2016-12-09,39,50,45,646,1745
2016-12-10,39,43,41,646,1745
2016-12-11,37,50,44,647,1745
2016-12-12,36,49,43,648,1746
2016-12-13,36,48,42,648,1746
2016-12-14,36,53,45,649,1746
2016-12-15,33,55,44,649,1747
2016-12-16,34,44,39,650,1747
2016-12-17,35,48,42,650,1748
2016-12-18,33,41,37,651,1748
2016-12-19,37,50,44,651,1749
2016-12-20,38,51,45,652,1749
2016-12-21,37,53,45,652,1750
2016-12-22,38,56,47,653,1750
2016-12-23,39,55,47,653,1751
2016-12-24,37,56,47,654,1751
2016-12-25,36,48,42,654,1752
2016-12-26,35,49,42,655,1752
2016-12-27,35,53,44,655,1753
2016-12-28,35,51,43,655,1753
2016-12-29,29,45,37,656,1754
2016-12-30,33,45,39,656,1755
2016-12-31,33,43,38,657,1755
2017-01-01,31,46,39,657,1756
2017-01-02,34,52,43,657,1756
2017-01-03,35,51,43,657,1757
2017-01-04,34,50,42,658,1757
2017-01-05,33,46,40,658,1758
2017-01-06,34,48,41,658,1759
2017-01-07,33,48,41,658,1759
2017-01-08,33,52,43,659,1800
2017-01-09,39,55,47,659,1801
2017-01-10,36,53,45,659,1801
2017-01-11,34,50,42,659,1802
2017-01-12,29,49,39,659,1803
2017-01-13,34,52,43,659,1803
2017-01-14,37,50,44,659,1804
2017-01-15,35,55,45,659,1804
2017-01-16,38,51,45,700,1805
2017-01-17,39,54,47,700,1806
2017-01-18,38,54,46,700,1806
2017-01-19,43,57,50,700,1807
2017-01-20,41,61,51,659,1808
2017-01-21,36,54,45,659,1808
2017-01-22,34,49,42,659,1809
2017-01-23,31,48,40,659,1810
2017-01-24,30,45,38,659,1810
2017-01-25,29,50,40,659,1811
2017-01-26,38,54,46,659,1811
2017-01-27,42,59,51,659,1812
2017-01-28,36,55,46,658,1813
2017-01-29,34,52,43,658,1813
2017-01-30,31,49,40,658,1814
2017-01-31,33,52,43,658,1814
2017-02-01,32,48,40,657,1815
2017-02-02,31,51,41,657,1816
2017-02-03,34,47,41,657,1816
2017-02-04,33,52,43,656,1817
2017-02-05,40,57,49,656,1817
2017-02-06,41,55,48,655,1818
2017-02-07,38,51,45,655,1818
2017-02-08,38,54,46,655,1819
2017-02-09,40,55,48,654,1819
2017-02-10,44,56,50,654,1820
2017-02-11,33,53,43,653,1820
2017-02-12,32,53,43,653,1821
2017-02-13,38,56,47,652,1821
2017-02-14,41,58,50,652,1822
2017-02-15,41,56,49,651,1822
2017-02-16,37,57,47,651,1823
2017-02-17,40,57,49,650,1823
2017-02-18,37,52,45,649,1823
2017-02-19,32,47,40,649,1824
2017-02-20,28,46,37,648,1824
2017-02-21,25,40,33,647,1825
2017-02-22,27,42,35,647,1825
2017-02-23,25,42,34,646,1825
2017-02-24,25,45,35,646,1826
2017-02-25,31,47,39,645,1826
2017-02-26,36,43,40,644,1827
2017-02-27,33,43,38,643,1827
2017-02-28,34,43,39,643,1827
2017-03-01,33,44,39,642,1828
2017-03-02,34,48,41,641,1828
2017-03-03,34,52,43,640,1828
2017-03-04,33,53,43,640,1829
2017-03-05,36,51,44,639,1829
2017-03-06,34,50,42,638,1829
2017-03-07,34,52,43,637,1830
2017-03-08,36,49,43,637,1830
2017-03-09,35,46,41,636,1830
2017-03-10,33,48,41,635,1831
2017-03-11,31,42,37,634,1831
2017-03-12,31,45,38,633,1831
2017-03-13,34,50,42,632,1832
2017-03-14,35,54,45,632,1832
2017-03-15,38,56,47,631,1832
2017-03-16,35,55,45,630,1832
2017-03-17,36,56,46,629,1833
2017-03-18,39,59,49,628,1833
2017-03-19,40,55,48,627,1833
2017-03-20,38,56,47,626,1833
2017-03-21,39,60,50,626,1834
2017-03-22,41,61,51,625,1834
2017-03-23,36,51,44,624,1834
2017-03-24,38,58,48,623,1834
2017-03-25,35,56,46,622,1835
2017-03-26,35,57,46,621,1835
2017-03-27,39,59,49,620,1835
2017-03-28,40,56,48,620,1835
2017-03-29,41,58,50,619,1836
2017-03-30,37,56,47,618,1836
2017-03-31,39,53,46,617,1836
2017-04-01,35,54,45,616,1836
2017-04-02,36,54,45,615,1837
2017-04-03,38,55,47,614,1837
2017-04-04,41,61,51,614,1837
2017-04-05,46,64,55,613,1838
2017-04-06,45,62,54,612,1838
2017-04-07,46,63,55,611,1838
2017-04-08,42,64,53,610,1838
2017-04-09,41,57,49,610,1839
2017-04-10,38,53,46,609,1839
2017-04-11,36,56,46,608,1839
2017-04-12,34,48,41,607,1839
2017-04-13,36,55,46,606,1840
2017-04-14,34,47,41,606,1840
2017-04-15,34,51,43,605,1840
2017-04-16,37,53,45,604,1841
2017-04-17,35,54,45,603,1841
2017-04-18,36,52,44,602,1841
2017-04-19,,,,602,1841
2017-04-20,35,53,44,601,1842
2017-04-21,35,56,46,600,1842
2017-04-22,38,61,50,600,1842
2017-04-23,39,55,47,559,1843
2017-04-24,38,55,47,558,1843
2017-04-25,40,60,50,558,1843
2017-04-26,44,59,52,557,1844
2017-04-27,42,58,50,556,1844
2017-04-28,35,53,44,556,1844
2017-04-29,36,50,43,555,1845
2017-04-30,35,44,40,554,1845
2017-05-01,35,46,41,554,1845
2017-05-02,35,49,42,553,1846
2017-05-03,36,47,42,553,1846
2017-05-04,38,60,49,552,1846
2017-05-05,38,60,49,552,1847
2017-05-06,40,61,51,551,1847
2017-05-07,39,56,48,550,1847
2017-05-08,38,57,48,550,1848
2017-05-09,36,56,46,550,1848
2017-05-10,35,53,44,549,1849
2017-05-11,36,50,43,549,1849
2017-05-12,37,58,48,548,1849
2017-05-13,38,55,47,548,1850
2017-05-14,36,55,46,547,1850
2017-05-15,34,53,44,547,1851
2017-05-16,35,53,44,547,1851
2017-05-17,34,53,44,546,1851
2017-05-18,35,49,42,546,1852
2017-05-19,35,51,43,546,1852
2017-05-20,39,57,48,545,1853
2017-05-21,43,56,50,545,1853
2017-05-22,43,63,53,545,1853
2017-05-23,43,65,54,545,1854
2017-05-24,42,53,48,544,1854
2017-05-25,38,53,46,544,1855
2017-05-26,35,50,43,544,1855
2017-05-27,33,48,41,544,1855
2017-05-28,32,49,41,544,1856
2017-05-29,38,53,46,543,1856
2017-05-30,36,56,46,543,1856
2017-05-31,43,58,51,543,1857
2017-06-01,45,62,54,543,1857
2017-06-02,44,64,54,543,1858
2017-06-03,44,63,54,543,1858
2017-06-04,44,63,54,543,1858
2017-06-05,43,59,51,543,1859
2017-06-06,42,60,51,543,1859
2017-06-07,43,62,53,543,1859
2017-06-08,47,64,56,543,1900
2017-06-09,46,66,56,543,1900
2017-06-10,43,62,53,543,1900
2017-06-11,41,61,51,543,1901
2017-06-12,42,58,50,543,1901
2017-06-13,40,60,50,543,1901
2017-06-14,39,57,48,544,1902
2017-06-15,39,55,47,544,1902
2017-06-16,40,58,49,544,1902
2017-06-17,42,59,51,544,1902
2017-06-18,46,60,53,544,1903
2017-06-19,46,65,56,544,1903
2017-06-20,47,64,56,545,1903
2017-06-21,47,62,55,545,1903
2017-06-22,46,61,54,545,1904
2017-06-23,45,57,51,545,1904
2017-06-24,45,62,54,545,1904
2017-06-25,44,57,51,546,1904
2017-06-26,40,62,51,546,1904
2017-06-27,45,63,54,546,1904
2017-06-28,41,56,49,546,1905
2017-06-29,42,61,52,547,1905
2017-06-30,44,61,53,547,1905
2017-07-01,40,57,49,547,1905
2017-07-02,39,54,47,548,1905
2017-07-03,42,59,51,548,1905
2017-07-04,40,56,48,548,1905
2017-07-05,40,56,48,549,1905
2017-07-06,41,57,49,549,1905
2017-07-07,40,59,50,549,1905
2017-07-08,39,58,49,550,1905
2017-07-09,40,54,47,550,1905
2017-07-10,38,53,46,550,1905
2017-07-11,39,55,47,551,1905
2017-07-12,40,57,49,551,1905
2017-07-13,39,58,49,551,1904
2017-07-14,38,54,46,552,1904
2017-07-15,36,52,44,552,1904
2017-07-16,42,58,50,553,1904
2017-07-17,42,57,50,553,1904
2017-07-18,41,53,47,553,1904
2017-07-19,40,59,50,554,1903
2017-07-20,41,61,51,554,1903
2017-07-21,40,60,50,554,1903
2017-07-22,42,60,51,555,1902
2017-07-23,40,62,51,555,1902
2017-07-24,42,53,48,556,1902
2017-07-25,40,58,49,556,1901
2017-07-26,38,58,48,556,1901
2017-07-27,43,59,51,557,1901
2017-07-28,44,60,52,557,1900
2017-07-29,41,57,49,557,1900
2017-07-30,44,61,53,558,1859
2017-07-31,44,63,54,558,1859
2017-08-01,42,56,49,558,1859
2017-08-02,39,54,47,559,1858
2017-08-03,40,54,47,559,1858
2017-08-04,42,63,53,559,1857
2017-08-05,45,65,55,600,1857
2017-08-06,43,58,51,600,1856
2017-08-07,43,58,51,600,1855
2017-08-08,42,59,51,601,1855
2017-08-09,42,58,50,601,1854
2017-08-10,41,59,50,601,1854
2017-08-11,45,63,54,602,1853
2017-08-12,47,66,57,602,1852
2017-08-13,45,62,54,602,1852
2017-08-14,43,58,51,603,1851
2017-08-15,43,59,51,603,1850
2017-08-16,43,58,51,603,1850
2017-08-17,41,58,50,603,1849
2017-08-18,42,60,51,604,1848
2017-08-19,39,56,48,604,1848
2017-08-20,40,55,48,604,1847
2017-08-21,38,49,44,604,1846
2017-08-22,40,57,49,605,1845
2017-08-23,44,59,52,605,1845
2017-08-24,44,62,53,605,1844
2017-08-25,44,61,53,605,1843
2017-08-26,41,58,50,606,1842
2017-08-27,40,58,49,606,1841
2017-08-28,38,55,47,606,1841
2017-08-29,39,52,46,606,1840
2017-08-30,37,54,46,607,1839
2017-08-31,40,59,50,607,1838
2017-09-01,44,63,54,607,1837
2017-09-02,40,56,48,607,1836
2017-09-03,42,59,51,607,1836
2017-09-04,40,58,49,608,1835
2017-09-05,40,58,49,608,1834
2017-09-06,41,55,48,608,1833
2017-09-07,37,53,45,608,1832
2017-09-08,39,53,46,608,1831
2017-09-09,38,51,45,609,1830
2017-09-10,39,53,46,609,1829
2017-09-11,41,55,48,609,1828
2017-09-12,42,58,50,609,1828
2017-09-13,43,56,50,609,1827
2017-09-14,43,59,51,610,1826
2017-09-15,42,60,51,610,1825
2017-09-16,42,60,51,610,1824
2017-09-17,45,64,55,610,1823
2017-09-18,42,60,51,610,1822
2017-09-19,39,57,48,611,1821
2017-09-20,38,50,44,611,1820
2017-09-21,39,53,46,611,1819
2017-09-22,37,50,44,611,1819
2017-09-23,39,54,47,611,1818
2017-09-24,35,54,45,612,1817
2017-09-25,39,56,48,612,1816
2017-09-26,37,56,47,612,1815
2017-09-27,39,58,49,612,1814
2017-09-28,40,60,50,612,1813
2017-09-29,41,60,51,613,1812
2017-09-30,36,51,44,613,1811
2017-10-01,37,53,45,613,1811
2017-10-02,38,54,46,613,1810
2017-10-03,39,56,48,614,1809
2017-10-04,40,60,50,614,1808
2017-10-05,42,60,51,614,1807
2017-10-06,43,58,51,614,1806
2017-10-07,41,55,48,615,1805
2017-10-08,42,58,50,615,1805
2017-10-09,48,59,54,615,1804
2017-10-10,44,59,52,615,1803
2017-10-11,44,57,51,616,1802
2017-10-12,41,57,49,616,1801
2017-10-13,39,53,46,616,1801
2017-10-14,37,54,46,616,1800
2017-10-15,39,51,45,617,1759
2017-10-16,38,57,48,617,1758
2017-10-17,40,57,49,617,1758
2017-10-18,44,60,52,618,1757
2017-10-19,42,59,51,618,1756
2017-10-20,39,54,47,618,1755
2017-10-21,39,57,48,619,1755
2017-10-22,38,53,46,619,1754
2017-10-23,38,55,47,620,1753
2017-10-24,44,54,49,620,1753
2017-10-25,44,52,48,620,1752
2017-10-26,42,60,51,621,1752
2017-10-27,40,60,50,621,1751
2017-10-28,42,59,51,622,1750
2017-10-29,40,55,48,622,1750
2017-10-30,39,53,46,622,1749
2017-10-31,37,51,44,623,1749
2017-11-01,37,54,46,623,1748
2017-11-02,37,56,47,624,1748
2017-11-03,41,57,49,624,1747
2017-11-04,41,55,48,625,1747
2017-11-05,41,58,50,625,1746
2017-11-06,44,61,53,626,1746
2017-11-07,42,62,52,626,1746
2017-11-08,42,60,51,627,1745
2017-11-09,40,58,49,627,1745
2017-11-10,39,57,48,628,1745
2017-11-11,39,53,46,628,1744
2017-11-12,36,47,42,629,1744
2017-11-13,35,49,42,629,1744
2017-11-14,36,50,43,630,1743
2017-11-15,36,50,43,630,1743
2017-11-16,34,48,41,631,1743
2017-11-17,35,51,43,632,1743
2017-11-18,36,50,43,632,1743
2017-11-19,36,47,42,633,1743
2017-11-20,34,50,42,633,1742
2017-11-21,34,48,41,634,1742
2017-11-22,33,48,41,635,1742
2017-11-23,31,47,39,635,1742
2017-11-24,35,50,43,636,1742
2017-11-25,33,47,40,636,1742
2017-11-26,33,48,41,637,1742
2017-11-27,35,45,40,638,1742
2017-11-28,40,47,44,638,1742
2017-11-29,39,49,44,639,1742
2017-11-30,39,47,43,640,1742
2017-12-01,39,49,44,640,1743
2017-12-02,34,46,40,641,1743
2017-12-03,35,50,43,641,1743
2017-12-04,36,53,45,642,1743
2017-12-05,32,49,41,643,1743
2017-12-06,33,47,40,643,1743
2017-12-07,34,50,42,644,1744
2017-12-08,33,53,43,645,1744
2017-12-09,37,58,48,645,1744
2017-12-10,35,52,44,646,1745
2017-12-11,34,54,44,646,1745
2017-12-12,35,56,46,647,1745
2017-12-13,32,45,39,648,1746
2017-12-14,30,45,38,648,1746
2017-12-15,31,44,38,649,1746
2017-12-16,32,49,41,649,1747
2017-12-17,36,52,44,650,1747
2017-12-18,36,49,43,650,1748
2017-12-19,35,43,39,651,1748
2017-12-20,33,38,36,651,1749
2017-12-21,32,39,36,652,1749
2017-12-22,31,49,40,652,1750
2017-12-23,36,50,43,653,1750
2017-12-24,36,54,45,653,1751
2017-12-25,34,50,42,654,1751
2017-12-26,35,53,44,654,1752
2017-12-27,37,53,45,655,1752
2017-12-28,36,49,43,655,1753
2017-12-29,33,52,43,655,1753
2017-12-30,36,52,44,656,1754
2017-12-31,34,54,44,656,1755
2018-01-01,35,52,44,657,1756
2018-01-02,32,56,44,657,1756
2018-01-03,35,49,42,657,1757
2018-01-04,39,55,47,658,1757
2018-01-05,38,55,47,658,1758
2018-01-06,39,58,49,658,1759
2018-01-07,38,54,46,658,1759
2018-01-08,40,53,47,659,1800
2018-01-09,34,50,42,659,1801
2018-01-10,31,47,39,659,1801
2018-01-11,31,46,39,659,1802
2018-01-12,32,52,42,659,1803
2018-01-13,37,53,45,659,1803
2018-01-14,37,54,46,659,1804
2018-01-15,36,54,45,659,1804
2018-01-16,38,55,47,700,1805
2018-01-17,37,57,47,700,1806
2018-01-18,36,54,45,700,1806
2018-01-19,37,54,46,700,1807
2018-01-20,33,50,42,659,1808
2018-01-21,34,48,41,659,1808
2018-01-22,33,48,41,659,1809
2018-01-23,33,47,40,659,1810
2018-01-24,34,47,41,659,1810
2018-01-25,34,46,40,659,1811
2018-01-26,34,43,39,659,1811
2018-01-27,35,43,39,659,1812
2018-01-28,33,43,38,658,1813
2018-01-29,31,46,39,658,1813
2018-01-30,34,50,42,658,1814
2018-01-31,33,46,40,658,1814
2018-02-01,35,51,43,657,1815
2018-02-02,37,50,44,657,1816
2018-02-03,37,50,44,657,1816
2018-02-04,34,49,42,656,1817
2018-02-05,32,48,40,656,1817
2018-02-06,31,41,36,655,1818
2018-02-07,28,42,35,655,1818
2018-02-08,30,45,38,655,1819
2018-02-09,29,45,37,654,1819
2018-02-10,31,46,39,654,1820
2018-02-11,35,49,42,653,1820
2018-02-12,36,52,44,653,1821
2018-02-13,40,55,48,652,1821
2018-02-14,41,55,48,652,1822
2018-02-15,39,56,48,651,1822
2018-02-16,38,55,47,651,1823
2018-02-17,34,42,38,650,1823
2018-02-18,33,47,40,649,1823
2018-02-19,31,43,37,649,1824
2018-02-20,31,47,39,648,1824
2018-02-21,38,43,41,647,1825
2018-02-22,35,41,38,647,1825
2018-02-23,35,45,40,646,1825
2018-02-24,37,49,43,646,1826
2018-02-25,38,46,42,645,1826
2018-02-26,37,49,43,644,1827
2018-02-27,36,51,44,643,1827
2018-02-28,39,56,48,643,1827
2018-03-01,40,53,47,642,1828
2018-03-02,40,54,47,641,1828
2018-03-03,40,52,46,640,1828
2018-03-04,38,54,46,640,1829
2018-03-05,34,46,40,639,1829
2018-03-06,31,46,39,638,1829
2018-03-07,30,44,37,637,1830
2018-03-08,31,44,38,637,1830
2018-03-09,33,46,40,636,1830
2018-03-10,35,49,42,635,1831
2018-03-11,35,52,44,634,1831
2018-03-12,39,44,42,633,1831
2018-03-13,38,44,41,632,1832
2018-03-14,39,48,44,632,1832
2018-03-15,36,47,42,631,1832
2018-03-16,36,47,42,630,1832
2018-03-17,38,49,44,629,1833
2018-03-18,36,52,44,628,1833
2018-03-19,35,48,42,627,1833
2018-03-20,35,45,40,626,1833
2018-03-21,37,46,42,626,1834
2018-03-22,36,45,41,625,1834
2018-03-23,38,50,44,624,1834
2018-03-24,33,42,38,623,1834
2018-03-25,35,49,42,622,1835
2018-03-26,34,45,40,621,1835
2018-03-27,33,53,43,620,1835
2018-03-28,35,55,45,620,1835
2018-03-29,35,52,44,619,1836
2018-03-30,33,53,43,618,1836
2018-03-31,34,47,41,617,1836
2018-04-01,34,52,43,616,1836
2018-04-02,41,53,47,615,1837
2018-04-03,41,51,46,614,1837
2018-04-04,44,58,51,614,1837
2018-04-05,42,55,49,613,1838
2018-04-06,41,54,48,612,1838
2018-04-07,40,48,44,611,1838
2018-04-08,38,50,44,610,1838
2018-04-09,39,47,43,610,1839
2018-04-10,39,53,46,609,1839
2018-04-11,37,54,46,608,1839
2018-04-12,37,53,45,607,1839
2018-04-13,34,49,42,606,1840
2018-04-14,34,51,43,606,1840
2018-04-15,35,47,41,605,1840
2018-04-16,39,49,44,604,1841
2018-04-17,37,53,45,603,1841
2018-04-18,38,57,48,602,1841
2018-04-19,37,49,43,602,1841
2018-04-20,35,42,39,601,1842
2018-04-21,37,51,44,600,1842
2018-04-22,37,58,48,600,1842
2018-04-23,40,60,50,559,1843
2018-04-24,38,56,47,558,1843
2018-04-25,35,50,43,558,1843
2018-04-26,37,51,44,557,1844
2018-04-27,37,53,45,556,1844
2018-04-28,38,53,46,556,1844
2018-04-29,40,59,50,555,1845
2018-04-30,43,53,48,554,1845
2018-05-01,43,54,49,554,1845
2018-05-02,42,50,46,553,1846
2018-05-03,41,54,48,553,1846
2018-05-04,38,54,46,552,1846
2018-05-05,38,57,48,552,1847
2018-05-06,42,54,48,551,1847
2018-05-07,42,55,49,550,1847
2018-05-08,42,55,49,550,1848
2018-05-09,42,57,50,550,1848
2018-05-10,41,55,48,549,1849
2018-05-11,37,54,46,549,1849
2018-05-12,36,54,45,548,1849
2018-05-13,34,53,44,548,1850
2018-05-14,36,52,44,547,1850
2018-05-15,39,52,46,547,1851
2018-05-16,36,52,44,547,1851
2018-05-17,38,50,44,546,1851
2018-05-18,37,54,46,546,1852
2018-05-19,41,59,50,546,1852
2018-05-20,40,59,50,545,1853
2018-05-21,42,55,49,545,1853
2018-05-22,41,59,50,545,1853
2018-05-23,43,61,52,545,1854
2018-05-24,46,66,56,544,1854
2018-05-25,47,62,55,544,1855
2018-05-26,47,64,56,544,1855
2018-05-27,45,60,53,544,1855
2018-05-28,41,58,50,544,1856
2018-05-29,44,50,47,543,1856
2018-05-30,43,60,52,543,1856
2018-05-31,45,65,55,543,1857
2018-06-01,47,58,53,543,1857
2018-06-02,45,63,54,543,1858
2018-06-03,46,65,56,543,1858
2018-06-04,46,64,55,543,1858
2018-06-05,44,59,52,543,1859
2018-06-06,39,53,46,543,1859
2018-06-07,40,57,49,543,1859
2018-06-08,38,56,47,543,1900
2018-06-09,41,59,50,543,1900
2018-06-10,40,57,49,543,1900
2018-06-11,39,57,48,543,1901
2018-06-12,38,52,45,543,1901
2018-06-13,39,53,46,543,1901
2018-06-14,38,55,47,544,1902
2018-06-15,40,53,47,544,1902
2018-06-16,37,55,46,544,1902
2018-06-17,43,59,51,544,1902
2018-06-18,44,58,51,544,1903
2018-06-19,42,59,51,544,1903
2018-06-20,45,61,53,545,1903
2018-06-21,44,59,52,545,1903
2018-06-22,44,60,52,545,1904
2018-06-23,44,61,53,545,1904
2018-06-24,42,60,51,545,1904
2018-06-25,40,57,49,546,1904
2018-06-26,40,57,49,546,1904
2018-06-27,39,60,50,546,1904
2018-06-28,42,60,51,546,1905
2018-06-29,39,55,47,547,1905
2018-06-30,41,58,50,547,1905
2018-07-01,40,52,46,547,1905
2018-07-02,40,48,44,548,1905
2018-07-03,39,52,46,548,1905
2018-07-04,40,54,47,548,1905
2018-07-05,39,63,51,549,1905
2018-07-06,41,60,51,549,1905
2018-07-07,39,55,47,549,1905
2018-07-08,39,53,46,550,1905
2018-07-09,36,50,43,550,1905
2018-07-10,37,56,47,550,1905
2018-07-11,43,59,51,551,1905
2018-07-12,45,57,51,551,1905
2018-07-13,45,61,53,551,1904
2018-07-14,42,55,49,552,1904
2018-07-15,42,54,48,552,1904
2018-07-16,41,63,52,553,1904
2018-07-17,44,62,53,553,1904
2018-07-18,42,59,51,553,1904
2018-07-19,41,58,50,554,1903
2018-07-20,40,59,50,554,1903
2018-07-21,45,61,53,554,1903
2018-07-22,44,63,54,555,1902
2018-07-23,45,61,53,555,1902
2018-07-24,43,58,51,556,1902
2018-07-25,42,57,50,556,1901
2018-07-26,43,56,50,556,1901
2018-07-27,43,59,51,557,1901
2018-07-28,44,61,53,557,1900
2018-07-29,47,58,53,557,1900
2018-07-30,42,55,49,558,1859
2018-07-31,40,59,50,558,1859
2018-08-01,40,60,50,558,1859
2018-08-02,38,56,47,559,1858
2018-08-03,40,57,49,559,1858
2018-08-04,41,61,51,559,1857
2018-08-05,45,65,55,600,1857
2018-08-06,46,65,56,600,1856
2018-08-07,46,64,55,600,1855
2018-08-08,44,54,49,601,1855
2018-08-09,45,58,52,601,1854
2018-08-10,41,56,49,601,1854
2018-08-11,40,57,49,602,1853
2018-08-12,40,60,50,602,1852
2018-08-13,42,58,50,602,1852
2018-08-14,39,55,47,603,1851
2018-08-15,40,55,48,603,1850
2018-08-16,40,53,47,603,1850
2018-08-17,40,54,47,603,1849
2018-08-18,41,60,51,604,1848
2018-08-19,41,58,50,604,1848
2018-08-20,41,58,50,604,1847
2018-08-21,41,58,50,604,1846
2018-08-22,42,51,47,605,1845
2018-08-23,44,48,46,605,1845
2018-08-24,45,54,50,605,1844
2018-08-25,44,55,50,605,1843
2018-08-26,43,49,46,606,1842
2018-08-27,42,49,46,606,1841
2018-08-28,40,50,45,606,1841
2018-08-29,42,54,48,606,1840
2018-08-30,40,54,47,607,1839
2018-08-31,38,54,46,607,1838
2018-09-01,39,55,47,607,1837
2018-09-02,40,56,48,607,1836
2018-09-03,41,58,50,607,1836
2018-09-04,39,59,49,608,1835
2018-09-05,40,59,50,608,1834
2018-09-06,37,55,46,608,1833
2018-09-07,38,53,46,608,1832
2018-09-08,38,53,46,608,1831
2018-09-09,39,54,47,609,1830
2018-09-10,37,56,47,609,1829
2018-09-11,41,58,50,609,1828
2018-09-12,42,52,47,609,1828
2018-09-13,40,51,46,609,1827
2018-09-14,36,55,46,610,1826
2018-09-15,39,54,47,610,1825
2018-09-16,39,56,48,610,1824
2018-09-17,41,57,49,610,1823
2018-09-18,40,54,47,610,1822
2018-09-19,43,57,50,611,1821
2018-09-20,41,57,49,611,1820
2018-09-21,42,60,51,611,1819
2018-09-22,44,63,54,611,1819
2018-09-23,46,61,54,611,1818
2018-09-24,41,60,51,612,1817
2018-09-25,41,56,49,612,1816
2018-09-26,40,54,47,612,1815
2018-09-27,40,56,48,612,1814
2018-09-28,43,59,51,612,1813
2018-09-29,43,61,52,613,1812
2018-09-30,43,62,53,613,1811
2018-10-01,40,63,52,613,1811
2018-10-02,41,56,49,613,1810
2018-10-03,40,59,50,614,1809
2018-10-04,43,58,51,614,1808
2018-10-05,42,56,49,614,1807
2018-10-06,40,51,46,614,1806
2018-10-07,42,51,47,615,1805
2018-10-08,42,52,47,615,1805
2018-10-09,40,52,46,615,1804
2018-10-10,39,51,45,615,1803
2018-10-11,39,53,46,616,1802
2018-10-12,38,54,46,616,1801
2018-10-13,41,54,48,616,1801
2018-10-14,39,56,48,616,1800
2018-10-15,38,52,45,617,1759
2018-10-16,40,55,48,617,1758
2018-10-17,37,52,45,617,1758
2018-10-18,37,51,44,618,1757
2018-10-19,,,,618,1756
2018-10-20,38,48,43,618,1755
2018-10-21,36,47,42,619,1755
2018-10-22,35,52,44,619,1754
2018-10-23,37,52,45,620,1753
2018-10-24,40,54,47,620,1753
2018-10-25,38,56,47,620,1752
2018-10-26,37,53,45,621,1752
2018-10-27,38,52,45,621,1751
2018-10-28,41,52,47,622,1750
2018-10-29,38,53,46,622,1750
2018-10-30,44,53,49,622,1749
2018-10-31,43,55,49,623,1749
2018-11-01,41,57,49,623,1748
2018-11-02,35,52,44,624,1748
2018-11-03,34,46,40,624,1747
2018-11-04,33,46,40,625,1747
2018-11-05,35,51,43,625,1746
2018-11-06,32,48,40,626,1746
2018-11-07,35,48,42,626,1746
2018-11-08,33,51,42,627,1745
2018-11-09,37,52,45,627,1745
2018-11-10,39,53,46,628,1745
2018-11-11,34,52,43,628,1744
2018-11-12,33,56,45,629,1744
2018-11-13,37,55,46,629,1744
2018-11-14,38,56,47,630,1743
2018-11-15,38,53,46,630,1743
2018-11-16,40,52,46,631,1743
2018-11-17,40,52,46,632,1743
2018-11-18,37,51,44,632,1743
2018-11-19,35,51,43,633,1743
2018-11-20,35,54,45,633,1742
2018-11-21,34,54,44,634,1742
2018-11-22,32,50,41,635,1742
2018-11-23,33,51,42,635,1742
2018-11-24,41,54,48,636,1742
2018-11-25,38,57,48,636,1742
2018-11-26,41,56,49,637,1742
2018-11-27,40,57,49,638,1742
2018-11-28,42,56,49,638,1742
2018-11-29,38,57,48,639,1742
2018-11-30,38,52,45,640,1742
2018-12-01,36,52,44,640,1743
2018-12-02,33,51,42,641,1743
2018-12-03,36,53,45,641,1743
2018-12-04,39,56,48,642,1743
2018-12-05,36,53,45,643,1743
2018-12-06,36,52,44,643,1743
2018-12-07,37,53,45,644,1744
2018-12-08,34,53,44,645,1744
2018-12-09,36,53,45,645,1744
2018-12-10,36,55,46,646,1745
2018-12-11,38,56,47,646,1745
2018-12-12,39,54,47,647,1745
2018-12-13,36,54,45,648,1746
2018-12-14,36,56,46,648,1746
2018-12-15,40,53,47,649,1746
2018-12-16,40,57,49,649,1747
2018-12-17,42,60,51,650,1747
2018-12-18,35,51,43,650,1748
2018-12-19,32,51,42,651,1748
2018-12-20,37,58,48,651,1749
2018-12-21,42,57,50,652,1749
2018-12-22,40,54,47,652,1750
2018-12-23,39,55,47,653,1750
2018-12-24,36,52,44,653,1751
2018-12-25,36,48,42,654,1751
2018-12-26,35,45,40,654,1752
2018-12-27,33,44,39,655,1752
2018-12-28,33,47,40,655,1753
2018-12-29,36,47,42,655,1753
2018-12-30,39,52,46,656,1754
